{
    "$schema": "https://schema.management.azure.com/schemas/2015-01-01/deploymentParameters.json#",
    "contentVersion": "1.0.0.0",
    "parameters": {
        "connections_gmail_name": {
            "value": null
        },
        "connections_acsemail_name": {
            "value": null
        },
        "connections_acsemail_1_name": {
            "value": null
        },
        "connections_servicebus_name": {
            "value": null
        },
        "namespaces_demothonral2025_name": {
            "value": null
        },
        "workflows_MoldingPressCycleAlert_name": {
            "value": null
        },
        "workflows_MoldlingPressPressureAlert_name": {
            "value": null
        },
        "emailServices_demothonemailservice_name": {
            "value": null
        },
        "CommunicationServices_demothoncommservice_name": {
            "value": null
        }
    }
}