{
    "$schema": "https://schema.management.azure.com/schemas/2019-04-01/deploymentTemplate.json#",
    "contentVersion": "1.0.0.0",
    "parameters": {
        "connections_gmail_name": {
            "defaultValue": "gmail",
            "type": "String"
        },
        "connections_acsemail_name": {
            "defaultValue": "acsemail",
            "type": "String"
        },
        "connections_acsemail_1_name": {
            "defaultValue": "acsemail-1",
            "type": "String"
        },
        "connections_servicebus_name": {
            "defaultValue": "servicebus",
            "type": "String"
        },
        "namespaces_demothonral2025_name": {
            "defaultValue": "demothonral2025",
            "type": "String"
        },
        "workflows_MoldingPressCycleAlert_name": {
            "defaultValue": "MoldingPressCycleAlert",
            "type": "String"
        },
        "workflows_MoldlingPressPressureAlert_name": {
            "defaultValue": "MoldlingPressPressureAlert",
            "type": "String"
        },
        "emailServices_demothonemailservice_name": {
            "defaultValue": "demothonemailservice",
            "type": "String"
        },
        "CommunicationServices_demothoncommservice_name": {
            "defaultValue": "demothoncommservice",
            "type": "String"
        }
    },
    "variables": {},
    "resources": [
        {
            "type": "Microsoft.Communication/emailServices",
            "apiVersion": "2023-06-01-preview",
            "name": "[parameters('emailServices_demothonemailservice_name')]",
            "location": "global",
            "properties": {
                "dataLocation": "United States"
            }
        },
        {
            "type": "Microsoft.ServiceBus/namespaces",
            "apiVersion": "2024-01-01",
            "name": "[parameters('namespaces_demothonral2025_name')]",
            "location": "australiaeast",
            "sku": {
                "name": "Basic",
                "tier": "Basic"
            },
            "properties": {
                "premiumMessagingPartitions": 0,
                "minimumTlsVersion": "1.2",
                "publicNetworkAccess": "Enabled",
                "disableLocalAuth": false,
                "zoneRedundant": true
            }
        },
        {
            "type": "Microsoft.Web/connections",
            "apiVersion": "2016-06-01",
            "name": "[parameters('connections_acsemail_name')]",
            "location": "australiaeast",
            "kind": "V1",
            "properties": {
                "displayName": "new_conn_07b12",
                "statuses": [
                    {
                        "status": "Connected"
                    }
                ],
                "customParameterValues": {},
                "nonSecretParameterValues": {},
                "createdTime": "2025-05-16T00:46:11.9217326Z",
                "changedTime": "2025-05-16T00:46:11.9217326Z",
                "api": {
                    "name": "[parameters('connections_acsemail_name')]",
                    "displayName": "Azure Communication Email",
                    "description": "Connector to send Email using the domains linked to the Azure Communication Services in your subscription.",
                    "iconUri": "[concat('https://conn-afd-prod-endpoint-bmc9bqahasf3grgk.b01.azurefd.net/releases/v1.0.1677/1.0.1677.3631/', parameters('connections_acsemail_name'), '/icon.png')]",
                    "brandColor": "#3C1D6E",
                    "id": "[concat('/subscriptions/87d0c202-a71c-4e49-9f57-721d01717765/providers/Microsoft.Web/locations/australiaeast/managedApis/', parameters('connections_acsemail_name'))]",
                    "type": "Microsoft.Web/locations/managedApis"
                },
                "testLinks": []
            }
        },
        {
            "type": "Microsoft.Web/connections",
            "apiVersion": "2016-06-01",
            "name": "[parameters('connections_acsemail_1_name')]",
            "location": "australiaeast",
            "kind": "V1",
            "properties": {
                "displayName": "new_conn_b4e18",
                "statuses": [
                    {
                        "status": "Connected"
                    }
                ],
                "customParameterValues": {},
                "nonSecretParameterValues": {},
                "createdTime": "2025-05-16T07:15:50.2096934Z",
                "changedTime": "2025-05-16T07:15:50.2096934Z",
                "api": {
                    "name": "acsemail",
                    "displayName": "Azure Communication Email",
                    "description": "Connector to send Email using the domains linked to the Azure Communication Services in your subscription.",
                    "iconUri": "https://conn-afd-prod-endpoint-bmc9bqahasf3grgk.b01.azurefd.net/releases/v1.0.1677/1.0.1677.3631/acsemail/icon.png",
                    "brandColor": "#3C1D6E",
                    "id": "/subscriptions/87d0c202-a71c-4e49-9f57-721d01717765/providers/Microsoft.Web/locations/australiaeast/managedApis/acsemail",
                    "type": "Microsoft.Web/locations/managedApis"
                },
                "testLinks": []
            }
        },
        {
            "type": "Microsoft.Web/connections",
            "apiVersion": "2016-06-01",
            "name": "[parameters('connections_gmail_name')]",
            "location": "australiaeast",
            "kind": "V1",
            "properties": {
                "displayName": "GmailEmail",
                "statuses": [
                    {
                        "status": "Connected"
                    }
                ],
                "customParameterValues": {},
                "createdTime": "2025-05-12T05:18:24.8364903Z",
                "changedTime": "2025-05-16T00:43:38.3071826Z",
                "api": {
                    "name": "[parameters('connections_gmail_name')]",
                    "displayName": "Gmail",
                    "description": "Gmail is a web-based email service from Google. With the Gmail connector, you can perform actions such as send or receive e-mail messages, and trigger flows on new e-mails.",
                    "iconUri": "[concat('https://conn-afd-prod-endpoint-bmc9bqahasf3grgk.b01.azurefd.net/v1.0.1751/1.0.1751.4207/', parameters('connections_gmail_name'), '/icon.png')]",
                    "id": "[concat('/subscriptions/87d0c202-a71c-4e49-9f57-721d01717765/providers/Microsoft.Web/locations/australiaeast/managedApis/', parameters('connections_gmail_name'))]",
                    "type": "Microsoft.Web/locations/managedApis"
                },
                "testLinks": [
                    {
                        "requestUri": "[concat('https://management.azure.com:443/subscriptions/87d0c202-a71c-4e49-9f57-721d01717765/resourceGroups/demothon-ral-2025/providers/Microsoft.Web/connections/', parameters('connections_gmail_name'), '/extensions/proxy/TestConnection?api-version=2016-06-01')]",
                        "method": "get"
                    }
                ]
            }
        },
        {
            "type": "Microsoft.Web/connections",
            "apiVersion": "2016-06-01",
            "name": "[parameters('connections_servicebus_name')]",
            "location": "australiaeast",
            "kind": "V1",
            "properties": {
                "displayName": "demonthonral2025",
                "statuses": [
                    {
                        "status": "Connected"
                    }
                ],
                "customParameterValues": {},
                "createdTime": "2025-05-12T05:16:24.8575109Z",
                "changedTime": "2025-05-12T05:16:24.8575109Z",
                "api": {
                    "name": "[parameters('connections_servicebus_name')]",
                    "displayName": "Service Bus",
                    "description": "Connect to Azure Service Bus to send and receive messages. You can perform actions such as send to queue, send to topic, receive from queue, receive from subscription, etc.",
                    "iconUri": "[concat('https://conn-afd-prod-endpoint-bmc9bqahasf3grgk.b01.azurefd.net/releases/v1.0.1747/1.0.1748.4181/', parameters('connections_servicebus_name'), '/icon.png')]",
                    "brandColor": "#c4d5ff",
                    "id": "[concat('/subscriptions/87d0c202-a71c-4e49-9f57-721d01717765/providers/Microsoft.Web/locations/australiaeast/managedApis/', parameters('connections_servicebus_name'))]",
                    "type": "Microsoft.Web/locations/managedApis"
                },
                "testLinks": []
            }
        },
        {
            "type": "Microsoft.Communication/CommunicationServices",
            "apiVersion": "2024-09-01-preview",
            "name": "[parameters('CommunicationServices_demothoncommservice_name')]",
            "location": "global",
            "dependsOn": [
                "[resourceId('Microsoft.Communication/emailServices/domains', parameters('emailServices_demothonemailservice_name'), 'AzureManagedDomain')]"
            ],
            "properties": {
                "dataLocation": "United States",
                "linkedDomains": [
                    "[resourceId('Microsoft.Communication/emailServices/domains', parameters('emailServices_demothonemailservice_name'), 'AzureManagedDomain')]"
                ]
            }
        },
        {
            "type": "Microsoft.Communication/emailServices/domains",
            "apiVersion": "2023-06-01-preview",
            "name": "[concat(parameters('emailServices_demothonemailservice_name'), '/AzureManagedDomain')]",
            "location": "global",
            "dependsOn": [
                "[resourceId('Microsoft.Communication/emailServices', parameters('emailServices_demothonemailservice_name'))]"
            ],
            "properties": {
                "domainManagement": "AzureManaged",
                "userEngagementTracking": "Disabled"
            }
        },
        {
            "type": "Microsoft.ServiceBus/namespaces/authorizationrules",
            "apiVersion": "2024-01-01",
            "name": "[concat(parameters('namespaces_demothonral2025_name'), '/RootManageSharedAccessKey')]",
            "location": "australiaeast",
            "dependsOn": [
                "[resourceId('Microsoft.ServiceBus/namespaces', parameters('namespaces_demothonral2025_name'))]"
            ],
            "properties": {
                "rights": [
                    "Listen",
                    "Manage",
                    "Send"
                ]
            }
        },
        {
            "type": "Microsoft.ServiceBus/namespaces/networkrulesets",
            "apiVersion": "2024-01-01",
            "name": "[concat(parameters('namespaces_demothonral2025_name'), '/default')]",
            "location": "australiaeast",
            "dependsOn": [
                "[resourceId('Microsoft.ServiceBus/namespaces', parameters('namespaces_demothonral2025_name'))]"
            ],
            "properties": {
                "publicNetworkAccess": "Enabled",
                "defaultAction": "Allow",
                "virtualNetworkRules": [],
                "ipRules": [],
                "trustedServiceAccessEnabled": false
            }
        },
        {
            "type": "Microsoft.ServiceBus/namespaces/queues",
            "apiVersion": "2024-01-01",
            "name": "[concat(parameters('namespaces_demothonral2025_name'), '/mp-cycle')]",
            "location": "australiaeast",
            "dependsOn": [
                "[resourceId('Microsoft.ServiceBus/namespaces', parameters('namespaces_demothonral2025_name'))]"
            ],
            "properties": {
                "maxMessageSizeInKilobytes": 256,
                "lockDuration": "PT1M",
                "maxSizeInMegabytes": 1024,
                "requiresDuplicateDetection": false,
                "requiresSession": false,
                "defaultMessageTimeToLive": "P14D",
                "deadLetteringOnMessageExpiration": false,
                "enableBatchedOperations": true,
                "duplicateDetectionHistoryTimeWindow": "PT10M",
                "maxDeliveryCount": 10,
                "status": "Active",
                "autoDeleteOnIdle": "P10675199DT2H48M5.4775807S",
                "enablePartitioning": false,
                "enableExpress": false
            }
        },
        {
            "type": "Microsoft.ServiceBus/namespaces/queues",
            "apiVersion": "2024-01-01",
            "name": "[concat(parameters('namespaces_demothonral2025_name'), '/mp-pressure')]",
            "location": "australiaeast",
            "dependsOn": [
                "[resourceId('Microsoft.ServiceBus/namespaces', parameters('namespaces_demothonral2025_name'))]"
            ],
            "properties": {
                "maxMessageSizeInKilobytes": 256,
                "lockDuration": "PT1M",
                "maxSizeInMegabytes": 1024,
                "requiresDuplicateDetection": false,
                "requiresSession": false,
                "defaultMessageTimeToLive": "P14D",
                "deadLetteringOnMessageExpiration": false,
                "enableBatchedOperations": true,
                "duplicateDetectionHistoryTimeWindow": "PT10M",
                "maxDeliveryCount": 10,
                "status": "Active",
                "autoDeleteOnIdle": "P10675199DT2H48M5.4775807S",
                "enablePartitioning": false,
                "enableExpress": false
            }
        },
        {
            "type": "microsoft.communication/emailservices/domains/senderusernames",
            "apiVersion": "2023-06-01-preview",
            "name": "[concat(parameters('emailServices_demothonemailservice_name'), '/azuremanageddomain/donotreply')]",
            "dependsOn": [
                "[resourceId('microsoft.communication/emailservices/domains', parameters('emailServices_demothonemailservice_name'), 'azuremanageddomain')]",
                "[resourceId('microsoft.communication/emailservices', parameters('emailServices_demothonemailservice_name'))]"
            ],
            "properties": {
                "username": "DoNotReply",
                "displayName": "DoNotReply"
            }
        },
        {
            "type": "Microsoft.Logic/workflows",
            "apiVersion": "2017-07-01",
            "name": "[parameters('workflows_MoldingPressCycleAlert_name')]",
            "location": "australiaeast",
            "dependsOn": [
                "[resourceId('Microsoft.Web/connections', parameters('connections_servicebus_name'))]",
                "[resourceId('Microsoft.Web/connections', parameters('connections_acsemail_1_name'))]"
            ],
            "properties": {
                "state": "Disabled",
                "definition": {
                    "$schema": "https://schema.management.azure.com/providers/Microsoft.Logic/schemas/2016-06-01/workflowdefinition.json#",
                    "contentVersion": "1.0.0.0",
                    "parameters": {
                        "$connections": {
                            "defaultValue": {},
                            "type": "Object"
                        }
                    },
                    "triggers": {
                        "When_a_message_is_received_in_a_queue_(auto-complete)": {
                            "recurrence": {
                                "interval": 3,
                                "frequency": "Minute"
                            },
                            "evaluatedRecurrence": {
                                "interval": 3,
                                "frequency": "Minute"
                            },
                            "type": "ApiConnection",
                            "inputs": {
                                "host": {
                                    "connection": {
                                        "name": "@parameters('$connections')['servicebus']['connectionId']"
                                    }
                                },
                                "method": "get",
                                "path": "/@{encodeURIComponent(encodeURIComponent('mp-cycle'))}/messages/head",
                                "queries": {
                                    "queueType": "Main"
                                },
                                "retryPolicy": {
                                    "type": "none"
                                }
                            }
                        }
                    },
                    "actions": {
                        "Condition": {
                            "actions": {
                                "Set_variable": {
                                    "type": "SetVariable",
                                    "inputs": {
                                        "name": "EmailBody",
                                        "value": "@concat('Alert! Cycle >= ', variables('MoldingPressCycle'))"
                                    }
                                },
                                "Send_email": {
                                    "runAfter": {
                                        "Set_variable": [
                                            "Succeeded"
                                        ]
                                    },
                                    "type": "ApiConnection",
                                    "inputs": {
                                        "host": {
                                            "connection": {
                                                "name": "@parameters('$connections')['acsemail-1']['connectionId']"
                                            }
                                        },
                                        "method": "post",
                                        "body": {
                                            "senderAddress": "DoNotReply@d3aa6fdd-4eb6-4760-8691-9ae1da38db80.azurecomm.net",
                                            "recipients": {
                                                "to": [
                                                    {
                                                        "address": "ron.inglesby@solace.com"
                                                    }
                                                ]
                                            },
                                            "content": {
                                                "subject": "Molding Press Alert - Cycle",
                                                "html": "<p class=\"editor-paragraph\">@{variables('EmailBody')}</p>"
                                            },
                                            "importance": "High"
                                        },
                                        "path": "/emails:sendGAVersion",
                                        "queries": {
                                            "api-version": "2023-03-31"
                                        }
                                    }
                                }
                            },
                            "runAfter": {
                                "Initialize_variables": [
                                    "Succeeded"
                                ]
                            },
                            "else": {
                                "actions": {}
                            },
                            "expression": {
                                "and": [
                                    {
                                        "greater": [
                                            "@variables('MoldingPressCycle')",
                                            16000
                                        ]
                                    }
                                ]
                            },
                            "type": "If"
                        },
                        "Initialize_variables": {
                            "runAfter": {
                                "Initialize_variables_1": [
                                    "Succeeded"
                                ]
                            },
                            "type": "InitializeVariable",
                            "inputs": {
                                "variables": [
                                    {
                                        "name": "MoldingPressCycle",
                                        "type": "float",
                                        "value": "@float(base64ToString (triggerBody()?['ContentData']))"
                                    }
                                ]
                            }
                        },
                        "Initialize_variables_1": {
                            "runAfter": {},
                            "type": "InitializeVariable",
                            "inputs": {
                                "variables": [
                                    {
                                        "name": "EmailBody",
                                        "type": "string",
                                        "value": " "
                                    }
                                ]
                            }
                        }
                    },
                    "outputs": {}
                },
                "parameters": {
                    "$connections": {
                        "value": {
                            "servicebus": {
                                "id": "/subscriptions/87d0c202-a71c-4e49-9f57-721d01717765/providers/Microsoft.Web/locations/australiaeast/managedApis/servicebus",
                                "connectionId": "[resourceId('Microsoft.Web/connections', parameters('connections_servicebus_name'))]",
                                "connectionName": "servicebus"
                            },
                            "acsemail-1": {
                                "id": "/subscriptions/87d0c202-a71c-4e49-9f57-721d01717765/providers/Microsoft.Web/locations/australiaeast/managedApis/acsemail",
                                "connectionId": "[resourceId('Microsoft.Web/connections', parameters('connections_acsemail_1_name'))]",
                                "connectionName": "acsemail-1"
                            }
                        }
                    }
                }
            }
        },
        {
            "type": "Microsoft.Logic/workflows",
            "apiVersion": "2017-07-01",
            "name": "[parameters('workflows_MoldlingPressPressureAlert_name')]",
            "location": "australiaeast",
            "dependsOn": [
                "[resourceId('Microsoft.Web/connections', parameters('connections_servicebus_name'))]",
                "[resourceId('Microsoft.Web/connections', parameters('connections_acsemail_1_name'))]"
            ],
            "properties": {
                "state": "Disabled",
                "definition": {
                    "$schema": "https://schema.management.azure.com/providers/Microsoft.Logic/schemas/2016-06-01/workflowdefinition.json#",
                    "contentVersion": "1.0.0.0",
                    "parameters": {
                        "$connections": {
                            "defaultValue": {},
                            "type": "Object"
                        }
                    },
                    "triggers": {
                        "When_a_message_is_received_in_a_queue_(auto-complete)": {
                            "recurrence": {
                                "interval": 3,
                                "frequency": "Minute"
                            },
                            "evaluatedRecurrence": {
                                "interval": 3,
                                "frequency": "Minute"
                            },
                            "type": "ApiConnection",
                            "inputs": {
                                "host": {
                                    "connection": {
                                        "name": "@parameters('$connections')['servicebus']['connectionId']"
                                    }
                                },
                                "method": "get",
                                "path": "/@{encodeURIComponent(encodeURIComponent('mp-pressure'))}/messages/head",
                                "queries": {
                                    "queueType": "Main"
                                },
                                "retryPolicy": {
                                    "type": "none"
                                }
                            }
                        }
                    },
                    "actions": {
                        "Condition": {
                            "actions": {
                                "Set_variable": {
                                    "type": "SetVariable",
                                    "inputs": {
                                        "name": "EmailBody",
                                        "value": "@concat('Alert! Molding pressure > ', variables('MoldingPressPressure'), ' PSI')"
                                    }
                                },
                                "Send_email": {
                                    "runAfter": {
                                        "Set_variable": [
                                            "Succeeded"
                                        ]
                                    },
                                    "type": "ApiConnection",
                                    "inputs": {
                                        "host": {
                                            "connection": {
                                                "name": "@parameters('$connections')['acsemail-1']['connectionId']"
                                            }
                                        },
                                        "method": "post",
                                        "body": {
                                            "senderAddress": "DoNotReply@d3aa6fdd-4eb6-4760-8691-9ae1da38db80.azurecomm.net",
                                            "recipients": {
                                                "to": [
                                                    {
                                                        "address": "ron.inglesby@solace.com"
                                                    }
                                                ]
                                            },
                                            "content": {
                                                "subject": "Molding Press Alert - Pressure",
                                                "html": "<p class=\"editor-paragraph\">@{variables('EmailBody')}</p>"
                                            },
                                            "importance": "High"
                                        },
                                        "path": "/emails:sendGAVersion",
                                        "queries": {
                                            "api-version": "2023-03-31"
                                        }
                                    }
                                }
                            },
                            "runAfter": {
                                "Initialize_variables": [
                                    "Succeeded"
                                ]
                            },
                            "else": {
                                "actions": {}
                            },
                            "expression": {
                                "and": [
                                    {
                                        "greater": [
                                            "@variables('MoldingPressPressure')",
                                            5.7
                                        ]
                                    }
                                ]
                            },
                            "type": "If"
                        },
                        "Initialize_variables": {
                            "runAfter": {
                                "Initialize_variables_1": [
                                    "Succeeded"
                                ]
                            },
                            "type": "InitializeVariable",
                            "inputs": {
                                "variables": [
                                    {
                                        "name": "MoldingPressPressure",
                                        "type": "float",
                                        "value": "@float(base64ToString (triggerBody()?['ContentData']))"
                                    }
                                ]
                            }
                        },
                        "Initialize_variables_1": {
                            "runAfter": {},
                            "type": "InitializeVariable",
                            "inputs": {
                                "variables": [
                                    {
                                        "name": "EmailBody",
                                        "type": "string",
                                        "value": " "
                                    }
                                ]
                            }
                        }
                    },
                    "outputs": {}
                },
                "parameters": {
                    "$connections": {
                        "value": {
                            "servicebus": {
                                "id": "/subscriptions/87d0c202-a71c-4e49-9f57-721d01717765/providers/Microsoft.Web/locations/australiaeast/managedApis/servicebus",
                                "connectionId": "[resourceId('Microsoft.Web/connections', parameters('connections_servicebus_name'))]",
                                "connectionName": "servicebus"
                            },
                            "acsemail-1": {
                                "id": "/subscriptions/87d0c202-a71c-4e49-9f57-721d01717765/providers/Microsoft.Web/locations/australiaeast/managedApis/acsemail",
                                "connectionId": "[resourceId('Microsoft.Web/connections', parameters('connections_acsemail_1_name'))]",
                                "connectionName": "acsemail-1"
                            }
                        }
                    }
                }
            }
        }
    ]
}